City_ID,City,Lat,Lng,Max Temp,Humidity,Cloudiness,Wind Speed,Country,Date
0,port-aux-francais,-49.35,70.2167,5.850000000000023,96,100,10.29,TF,1683659500
1,borgarnes,64.5383,-21.9206,10.03000000000003,83,100,1.66,IS,1683659500
2,andergrove,-21.0833,149.1833,10.360000000000014,57,63,4.99,AU,1683659500
3,stanley,54.868,-1.6985,14.29000000000002,85,20,1.03,GB,1683659500
4,chubbuck,42.9208,-112.4661,12.129999999999995,56,0,3.6,US,1683659500
5,adamstown,-25.066,-130.1015,21.910000000000025,52,60,5.69,PN,1683659501
6,margaret river,-33.95,115.0667,18.560000000000002,75,100,10.84,AU,1683659501
7,blackmans bay,-43.0167,147.3167,8.180000000000007,84,83,5.01,AU,1683659501
8,lebu,-37.6167,-73.65,14.360000000000014,65,100,6.76,CL,1683659501
9,grytviken,-54.2811,-36.5092,0.7300000000000182,92,100,1.93,GS,1683659502
10,bethel,41.3712,-73.414,20.79000000000002,31,0,4.63,US,1683659326
11,tobelo,1.7284,128.0095,26.670000000000016,83,99,1.44,ID,1683659502
12,ormara,25.2088,64.6357,27.920000000000016,78,11,4.31,PK,1683659502
13,barcelos,41.5388,-8.6151,19.950000000000045,68,2,5.38,PT,1683659502
14,lazaro cardenas,17.9583,-102.2,31.700000000000045,53,0,5.18,MX,1683659503
15,fale old settlement,-9.3852,-171.2468,28.83000000000004,76,25,6.54,TK,1683659503
16,mizdah,31.4451,12.9801,15.25,78,99,11.9,LY,1683659503
17,olonkinbyen,70.9221,-8.7187,2.2900000000000205,100,100,3.92,SJ,1683659503
18,port lincoln,-34.7333,135.8667,14.660000000000025,75,96,3.94,AU,1683659504
19,betio village,1.358,172.9211,28.02000000000004,75,100,3.2,KI,1683659504
20,i-n-salah,27.1935,2.4607,30.150000000000034,14,96,5.24,DZ,1683659504
21,murzuq,25.9155,13.9184,23.730000000000018,26,0,7.21,LY,1683659505
22,bredasdorp,-34.5322,20.0403,14.150000000000034,92,74,1.25,ZA,1683659506
23,nemuro,43.3236,145.575,5.510000000000048,91,14,3.99,JP,1683659506
24,phan rang-thap cham,11.5667,108.9833,25.52000000000004,88,83,0.98,VN,1683659507
25,waitangi,-43.9535,-176.5597,16.010000000000048,95,100,7.6,NZ,1683659336
26,tweed heads,-28.1817,153.547,16.02000000000004,55,7,4.12,AU,1683659507
27,pasni,25.2631,63.471,27.850000000000023,77,5,3.73,PK,1683659507
28,edinburgh of the seven seas,-37.0676,-12.3116,14.210000000000036,71,96,9.95,SH,1683659508
29,vorgashor,67.5833,63.95,-7.8799999999999955,99,100,1.05,RU,1683659508
30,utrik,11.2278,169.8474,27.120000000000005,82,95,6.33,MH,1683659508
31,chul'man,56.8479,124.9104,-10.069999999999993,95,64,1.17,RU,1683659508
32,kingston,17.997,-76.7936,33.47000000000003,57,100,1.34,JM,1683659468
33,tolanaro,-25.0319,46.9987,22.379999999999995,90,98,4.63,MG,1683659509
34,ust-nera,64.5667,143.2,-4.349999999999966,73,99,3.51,RU,1683659509
35,kill devil hills,36.0307,-75.676,22.010000000000048,75,0,6.17,US,1683659509
36,launceston,-41.45,147.1667,7.970000000000027,87,100,0.0,AU,1683659509
37,letpandan,17.7833,95.75,28.900000000000034,66,58,4.18,MM,1683659510
38,saipan,15.1355,145.701,26.390000000000043,100,100,6.17,MP,1683659510
39,port mathurin,-19.6833,63.4167,25.760000000000048,69,22,7.86,MU,1683659510
40,pacific grove,36.6177,-121.9166,18.450000000000045,73,0,4.12,US,1683659510
41,cidreira,-30.1811,-50.2056,21.680000000000007,59,0,4.58,BR,1683659511
42,puerto natales,-51.7236,-72.4875,8.25,57,20,3.09,CL,1683659511
43,hawaiian paradise park,19.5933,-154.9731,24.29000000000002,88,100,2.57,US,1683659511
44,yellowknife,62.456,-114.3525,14.200000000000045,58,91,2.24,CA,1683659511
45,taoudenni,22.6783,-3.9836,37.76000000000005,7,100,6.22,ML,1683659511
46,georgetown,5.4112,100.3354,28.960000000000036,84,20,0.0,MY,1683659512
47,tiksi,71.6872,128.8694,0.6800000000000068,82,100,13.52,RU,1683659512
48,atamyrat,37.8357,65.2106,24.33000000000004,17,18,3.28,TM,1683659359
49,zaraza,9.3503,-65.3245,37.82000000000005,31,86,5.4,VE,1683659512
50,chardara,41.2547,67.9692,21.140000000000043,35,94,3.09,KZ,1683659513
51,palmares do sul,-30.2578,-50.5097,21.590000000000032,60,0,4.01,BR,1683659513
52,madera,37.1666,-119.8343,21.400000000000034,49,100,1.93,US,1683659513
53,aasiaat,68.7098,-52.8699,-1.1599999999999682,80,100,2.05,GL,1683659513
54,rongelap,11.1635,166.8941,27.180000000000007,83,100,7.34,MH,1683659513
55,laguna,38.421,-121.4238,21.160000000000025,52,0,1.79,US,1683659498
56,merke,42.8728,73.1786,14.78000000000003,47,0,3.05,KZ,1683659514
57,ushuaia,-54.8,-68.3,6.7900000000000205,60,20,2.57,AR,1683659387
58,muisne,0.6,-80.0333,28.49000000000001,77,96,3.76,EC,1683659514
59,okha,53.5739,142.9478,-0.17999999999994998,96,100,3.6,RU,1683659515
60,abrud,46.2667,23.0667,5.2900000000000205,85,49,2.44,RO,1683659515
61,puerto ayora,-0.7393,-90.3518,28.08000000000004,91,100,3.58,EC,1683659384
62,boyolangu,-8.1181,111.8935,24.960000000000036,94,99,2.08,ID,1683659515
63,gilgit,35.9221,74.3087,12.660000000000025,46,0,1.98,PK,1683659515
64,ornskoldsvik,63.2909,18.7153,9.53000000000003,66,100,1.54,SE,1683659516
65,longyearbyen,78.2186,15.6401,-1.089999999999975,80,75,3.09,SJ,1683659516
66,palapag,12.5458,125.1147,25.28000000000003,86,97,0.71,PH,1683659516
67,joao pinheiro,-17.7425,-46.1725,28.730000000000018,35,100,1.07,BR,1683659380
68,pustoshka,56.3355,29.369,7.580000000000041,61,99,2.33,RU,1683659517
69,kirensk,57.7853,108.1119,9.160000000000025,80,19,1.88,RU,1683659517
70,khoyniki,51.8911,29.9552,5.5400000000000205,68,58,2.4,BY,1683659517
71,isafjordur,66.0755,-23.124,4.2000000000000455,95,100,2.35,IS,1683659517
72,guerrero negro,27.9769,-114.0611,19.090000000000032,60,11,8.44,MX,1683659517
73,selfoss,63.9331,-20.9971,11.140000000000043,80,85,2.79,IS,1683659518
74,kuyucak,37.9133,28.4592,18.480000000000018,74,94,1.47,TR,1683659518
75,queenstown,-31.8976,26.8753,12.360000000000014,43,5,1.33,ZA,1683659518
76,niesky,51.2924,14.8211,13.700000000000045,77,0,3.5,DE,1683659518
77,changli,39.7042,119.1506,15.82000000000005,22,100,2.38,CN,1683659518
78,ribeira grande,38.5167,-28.7,18.220000000000027,94,75,5.81,PT,1683659519
79,nadym,65.5333,72.5167,-0.049999999999954525,97,100,4.53,RU,1683659519
80,thompson,55.7435,-97.8558,21.49000000000001,35,9,4.36,CA,1683659519
81,trairi,-3.2778,-39.2689,28.05000000000001,78,98,4.32,BR,1683659290
82,codrington,-38.2667,141.9667,13.270000000000039,65,100,3.21,AU,1683659519
83,atafu village,-8.5421,-172.5159,29.170000000000016,77,16,6.19,TK,1683659520
84,ilulissat,69.2167,-51.1,-0.9899999999999523,80,75,4.12,GL,1683659520
85,norilsk,69.3535,88.2027,-22.579999999999984,100,100,1.81,RU,1683659520
86,viedma,-40.8135,-62.9967,16.810000000000002,46,100,7.8,AR,1683659521
87,bilibino,68.0546,166.4372,-5.759999999999991,93,100,1.22,RU,1683659521
88,turpan,42.9333,89.1667,21.0,22,0,1.29,CN,1683659521
89,carnarvon,-24.8667,113.6333,21.170000000000016,81,100,2.91,AU,1683659521
90,acapulco de juarez,16.8634,-99.8901,31.900000000000034,62,0,5.66,MX,1683659427
91,ziro,27.6333,93.8333,8.810000000000002,95,59,1.61,IN,1683659522
92,jamestown,42.097,-79.2353,19.730000000000018,36,0,7.2,US,1683659383
93,juneau,58.3019,-134.4197,11.340000000000032,82,20,4.63,US,1683659522
94,pandan,14.0453,124.1694,26.400000000000034,83,100,1.27,PH,1683659522
95,majie,25.0333,102.6361,20.930000000000007,38,56,5.07,CN,1683659522
96,gazipasa,36.2694,32.3179,18.05000000000001,88,75,1.03,TR,1683659523
97,la passe,45.5549,-0.8967,17.129999999999995,83,2,8.75,FR,1683659523
98,fort bragg,35.139,-79.006,31.910000000000025,39,20,5.14,US,1683659523
99,remire-montjoly,4.9167,-52.2667,26.02000000000004,89,100,5.14,GF,1683659523
100,st. john's,47.5649,-52.7093,5.520000000000039,89,100,10.8,CA,1683659458
101,cold lake,54.4502,-110.2017,13.439999999999998,55,100,1.67,CA,1683659524
102,wailua homesteads,22.0669,-159.378,24.24000000000001,84,100,5.14,US,1683659524
103,ryotsu-minato,38.0833,138.4333,11.629999999999995,48,0,1.23,JP,1683659524
104,papatowai,-46.5619,169.4708,8.240000000000009,89,100,1.68,NZ,1683659525
105,invercargill,-46.4,168.35,8.340000000000032,95,68,1.34,NZ,1683659525
106,nizhneudinsk,54.9076,99.0276,12.090000000000032,64,96,1.4,RU,1683659525
107,tornio,65.8481,24.1466,5.010000000000048,93,100,2.13,FI,1683659525
108,avarua,-21.2078,-159.775,24.03000000000003,94,100,9.26,CK,1683659525
109,nuuk,64.1835,-51.7216,0.34000000000003183,86,100,3.58,GL,1683659526
110,cooper's town,26.8667,-77.5167,25.08000000000004,73,13,2.52,BS,1683659526
111,arteche,12.2645,125.4048,25.660000000000025,84,100,0.41,PH,1683659526
112,wohlen,47.3524,8.2788,15.060000000000002,93,100,3.13,CH,1683659526
113,kudahuvadhoo,2.6708,72.8944,28.04000000000002,80,74,4.72,MV,1683659527
114,albany,42.6001,-73.9662,18.230000000000018,31,62,1.34,US,1683659527
115,kerikeri,-35.2268,173.9474,16.060000000000002,96,14,1.34,NZ,1683659528
116,hamilton,39.1834,-84.5333,24.79000000000002,48,20,6.17,US,1683659438
117,nova vicosa,-17.8919,-39.3719,25.629999999999995,71,65,4.0,BR,1683659528
118,kirillov,59.863,38.3813,6.82000000000005,64,90,2.02,RU,1683659530
119,west island,-12.1568,96.8225,27.370000000000005,82,21,8.67,CC,1683659530
120,bireun,5.203,96.7009,25.57000000000005,79,100,2.2,ID,1683659530
121,qaqortoq,60.7167,-46.0333,1.6100000000000136,92,91,1.42,GL,1683659530
122,dudinka,69.4058,86.1778,-25.68999999999997,100,63,0.82,RU,1683659531
123,nogliki,51.8333,143.1667,-0.7399999999999523,98,100,3.63,RU,1683659531
124,sharan,54.8167,54.0,5.439999999999998,56,97,3.18,RU,1683659531
125,rawson,-43.3002,-65.1023,13.960000000000036,60,0,8.69,AR,1683659532
126,aswan,24.0934,32.907,27.02000000000004,16,4,3.68,EG,1683659532
127,usogorsk,63.4106,48.6872,5.1299999999999955,96,100,2.25,RU,1683659537
128,axim,4.8699,-2.2405,27.82000000000005,77,13,3.54,GH,1683659537
129,broome,42.2506,-75.833,18.700000000000045,35,0,7.2,US,1683659538
130,nuku'alofa,-21.1333,-175.2,25.189999999999998,94,20,2.57,TO,1683659538
131,celestun,20.8667,-90.4,32.04000000000002,52,100,3.82,MX,1683659538
132,port augusta,-32.5,137.7667,10.189999999999998,82,0,2.18,AU,1683659538
133,kenai,60.5544,-151.2583,8.050000000000011,72,100,10.8,US,1683659539
134,port elizabeth,-33.918,25.5701,16.29000000000002,95,40,0.51,ZA,1683659539
135,sao felix do xingu,-6.6447,-51.995,31.140000000000043,56,29,1.83,BR,1683659288
136,keflavik,64.0049,-22.5624,10.240000000000009,93,75,2.57,IS,1683659539
137,kabo,7.6994,18.629,25.670000000000016,71,100,2.54,CF,1683659517
138,sinabang,2.4803,96.3801,26.810000000000002,78,91,1.25,ID,1683659540
139,sao joao da barra,-21.6403,-41.0511,27.05000000000001,75,74,4.94,BR,1683659540
140,mangrol,21.1167,70.1167,28.74000000000001,69,96,4.43,IN,1683659540
141,tobruk,32.0836,23.9764,19.720000000000027,65,100,8.6,LY,1683659540
142,lompoc,34.6391,-120.4579,19.32000000000005,68,75,4.63,US,1683659541
143,tupiza,-21.45,-65.7167,19.54000000000002,17,73,1.8,BO,1683659541
144,motueka,-41.1333,173.0167,13.189999999999998,97,100,2.11,NZ,1683659541
145,colonia,50.9333,6.95,15.53000000000003,90,40,2.06,DE,1683659512
146,martakert,40.2104,46.821,14.54000000000002,88,100,1.74,AZ,1683659478
147,macau,22.2006,113.5461,23.850000000000023,78,20,6.69,MO,1683659536
148,hermanus,-34.4187,19.2345,16.49000000000001,76,100,2.46,ZA,1683659542
149,itacare,-14.2775,-38.9967,27.590000000000032,73,14,4.84,BR,1683659542
150,huarmey,-10.0681,-78.1522,25.400000000000034,74,22,4.88,PE,1683659542
151,alofi,-19.0595,-169.9187,25.840000000000032,79,24,4.35,NU,1683659543
152,yuzhno-kurilsk,44.0306,145.8556,4.730000000000018,95,89,3.65,RU,1683659543
153,aykhal,66.0,111.5,-7.96999999999997,87,9,8.96,RU,1683659543
154,morogoro,-6.8167,37.6667,21.230000000000018,83,87,0.73,TZ,1683659543
155,mhangura,-16.8939,30.1683,14.990000000000009,67,18,1.72,ZW,1683659544
156,florence,43.7667,11.25,20.82000000000005,65,75,2.24,IT,1683659544
157,namibe,-15.1961,12.1522,23.870000000000005,82,30,2.46,AO,1683659544
158,jurm,36.8648,70.8342,14.150000000000034,34,0,1.31,AF,1683659544
159,bandar lampung,-5.4254,105.258,24.340000000000032,94,100,1.47,ID,1683659545
160,sao francisco do sul,-26.2433,-48.6381,20.25,88,100,1.31,BR,1683659545
161,harstad,68.799,16.5293,10.129999999999995,67,100,3.58,NO,1683659545
162,taro,-8.3862,115.28,23.0,96,100,0.3,ID,1683659545
163,grand falls-windsor,48.9332,-55.6649,2.5,89,100,3.13,CA,1683659545
164,ridgecrest,35.6225,-117.6709,22.920000000000016,16,40,2.06,US,1683659509
165,nadi,-17.8,177.4167,21.0,88,20,3.6,FJ,1683659304
166,cabo san lucas,22.8909,-109.9124,31.450000000000045,23,20,2.06,MX,1683659546
167,hithadhoo,-0.6,73.0833,27.99000000000001,72,100,2.72,MV,1683659546
168,yuncheng,35.0231,110.9928,12.57000000000005,85,100,0.93,CN,1683659547
169,melekeok village,7.4957,134.6367,24.310000000000002,94,75,1.54,PW,1683659547
170,yeraliyev,43.2,51.65,14.810000000000002,70,0,5.19,KZ,1683659547
171,lihue,21.9789,-159.3672,24.58000000000004,84,100,5.14,US,1683659449
172,el granada,37.5027,-122.4694,19.710000000000036,71,75,5.66,US,1683659547
173,hadibu,12.65,54.0333,28.439999999999998,68,100,1.06,YE,1683659548
174,qamdo,31.1667,97.2333,-0.5799999999999841,75,35,1.28,CN,1683659548
175,anadyr,64.75,177.4833,-5.71999999999997,85,90,2.68,RU,1683659548
176,petropavlovsk-kamchatsky,53.0452,158.6483,-0.6699999999999591,100,0,2.0,RU,1683659548
177,kapa'a,22.0752,-159.319,24.99000000000001,83,100,5.14,US,1683659548
178,khandyga,62.6667,135.6,-3.329999999999984,75,19,2.05,RU,1683659549
179,nagqu,31.5,92.0,-1.4399999999999977,85,100,2.68,CN,1683659549
180,ramban,33.25,75.25,12.660000000000025,61,0,4.1,IN,1683659549
181,saldanha,-33.0117,17.9442,16.03000000000003,80,97,4.81,ZA,1683659550
182,zhangye,38.9342,100.4517,12.090000000000032,39,100,1.51,CN,1683659550
183,batikent,39.9683,32.7308,14.760000000000048,72,75,4.12,TR,1683659550
184,uturoa,-16.7333,-151.4333,27.49000000000001,71,100,1.67,PF,1683659551
185,mwinilunga,-11.7358,24.4293,16.600000000000023,51,100,2.07,ZM,1683659552
186,emerald,-23.5333,148.1667,8.460000000000036,56,0,5.38,AU,1683659552
187,floro,61.5996,5.0328,12.04000000000002,71,75,7.2,NO,1683659552
188,ribeira brava,32.65,-17.0667,24.28000000000003,75,1,3.54,PT,1683659553
189,chonchi,-42.6128,-73.8092,15.560000000000002,88,72,0.6,CL,1683659553
190,udachny,66.4167,112.4,-1.9699999999999704,73,31,9.27,RU,1683659553
191,calama,-22.4667,-68.9333,25.27000000000004,7,0,7.72,CL,1683659543
192,moree,-29.4667,149.85,8.370000000000005,67,0,2.88,AU,1683659554
193,ponta delgada,37.7333,-25.6667,19.400000000000034,88,40,4.63,PT,1683659554
194,box elder,41.5005,-112.8764,12.370000000000005,41,100,3.91,US,1683659555
195,port alfred,-33.5906,26.891,16.210000000000036,96,6,3.8,ZA,1683659555
196,hasaki,35.7333,140.8333,11.79000000000002,68,0,5.05,JP,1683659555
197,dwarka,22.2394,68.9678,28.350000000000023,74,14,4.95,IN,1683659555
198,hanceville,34.0607,-86.7675,30.650000000000034,53,69,3.13,US,1683659556
199,badger,64.8,-147.5333,10.140000000000043,40,75,0.0,US,1683659556
200,iqaluit,63.7506,-68.5145,-1.2799999999999727,58,13,2.24,CA,1683659556
201,talnakh,69.4865,88.3972,-23.019999999999982,100,97,1.7,RU,1683659556
202,monte alegre,-2.0078,-54.0692,28.77000000000004,78,100,1.57,BR,1683659490
203,mount gambier,-37.8333,140.7667,11.960000000000036,81,99,1.64,AU,1683659557
204,encrucijada,22.6169,-79.8711,32.31,55,75,5.14,CU,1683659557
205,afaahiti,-17.75,-149.2833,27.930000000000007,75,100,3.08,PF,1683659557
206,puerto baquerizo moreno,-0.9,-89.6,28.55000000000001,84,75,4.12,EC,1683659558
207,leava,-14.3,-178.1667,28.110000000000014,76,0,2.73,WF,1683659558
208,homnabad,17.7667,77.1333,28.340000000000032,55,100,3.73,IN,1683659558
209,labrador city,52.9463,-66.9114,4.1200000000000045,31,100,5.81,CA,1683659558
210,datong,40.0936,113.2914,14.170000000000016,51,100,1.32,CN,1683659563
211,mhamid,29.82,-5.72,33.700000000000045,9,0,3.75,MA,1683659564
212,college,64.8569,-147.8028,10.180000000000007,45,75,0.45,US,1683659564
213,punta arenas,-53.15,-70.9167,7.060000000000002,57,20,5.14,CL,1683659543
214,mana,5.6592,-53.7767,27.870000000000005,72,100,5.54,GF,1683659564
215,touros,-5.1989,-35.4608,28.32000000000005,73,38,6.36,BR,1683659565
216,shushtar,32.0455,48.8567,29.230000000000018,33,100,10.76,IR,1683659565
217,vilyuchinsk,52.9306,158.4028,0.1500000000000341,78,100,2.45,RU,1683659565
218,kargil,34.5667,76.1,-3.6499999999999773,59,9,2.31,IN,1683659565
219,mandera,3.9366,41.867,28.470000000000027,60,100,4.63,KE,1683659565
220,pukhrayan,26.2333,79.85,30.730000000000018,12,0,2.18,IN,1683659566
221,nikolayevsk-on-amure,53.1406,140.73,0.03000000000002956,94,100,1.68,RU,1683659566
222,el nido,11.1858,119.3956,27.600000000000023,77,100,0.84,PH,1683659566
223,kargasok,59.0556,80.8572,-0.17999999999994998,49,0,2.11,RU,1683659566
224,nar'yan-mar,67.6713,53.087,-0.6699999999999591,87,100,4.76,RU,1683659567
225,thunder bay,48.4001,-89.3168,14.260000000000048,51,17,2.59,CA,1683659386
226,susuman,62.7833,148.1667,-1.0499999999999545,91,98,0.91,RU,1683659567
227,whitehorse,60.7161,-135.0538,8.78000000000003,42,100,5.81,CA,1683659567
228,holualoa,19.6228,-155.9522,24.910000000000025,80,40,4.12,US,1683659567
229,visakhapatnam,17.69,83.2093,28.939999999999998,100,20,1.03,IN,1683659568
230,tura,25.5198,90.2201,25.03000000000003,36,0,2.62,IN,1683659568
231,zhanaozen,43.3,52.8,17.99000000000001,53,11,5.69,KZ,1683659568
232,balabac,7.9868,117.0645,27.640000000000043,81,79,2.25,PH,1683659568
233,pucon,-39.2822,-71.9543,16.660000000000025,48,100,0.52,CL,1683659569
234,kodar,16.9833,79.9667,28.180000000000007,66,100,3.19,IN,1683659569
235,borogontsy,62.6683,131.1683,-1.5600000000000023,74,100,3.26,RU,1683659569
236,arac,41.2422,33.3277,10.740000000000009,88,100,1.13,TR,1683659569
237,arraial do cabo,-22.9661,-42.0278,25.920000000000016,83,40,4.63,BR,1683659569
238,tucumcari,35.1717,-103.725,31.08000000000004,7,0,3.6,US,1683659570
239,mundgod,14.9667,75.0333,24.150000000000034,80,100,2.27,IN,1683659570
240,namtsy,62.7161,129.6658,-0.6200000000000045,80,100,4.41,RU,1683659570
241,freetown,8.484,-13.2299,28.189999999999998,75,98,3.3,SL,1683659570
242,karatas,36.582,35.3701,20.360000000000014,80,96,2.79,TR,1683659571
243,east palo alto,37.4688,-122.1411,20.04000000000002,63,40,5.66,US,1683659571
244,yamada,39.4667,141.95,8.170000000000016,72,0,2.81,JP,1683659571
245,pithoragarh,29.5833,80.2167,13.230000000000018,45,0,1.59,IN,1683659571
246,porto novo,6.4965,2.6036,27.890000000000043,78,100,2.7,BJ,1683659362
247,minas de marcona,-15.2119,-75.1103,20.05000000000001,64,16,7.04,PE,1683659572
248,tommot,58.9564,126.2925,-6.099999999999966,94,36,1.62,RU,1683659572
249,zelenogorsk,56.1147,94.5861,8.360000000000014,75,100,4.47,RU,1683659572
250,naze,28.3667,129.4833,19.49000000000001,70,67,7.46,JP,1683659572
251,valparai,10.3667,76.9667,20.370000000000005,92,100,0.82,IN,1683659573
252,vernon,50.2581,-119.2691,19.78000000000003,52,93,1.54,CA,1683659574
253,alenquer,-1.9417,-54.7383,29.07000000000005,75,67,1.91,BR,1683659439
254,zhangatas,43.5667,69.75,17.480000000000018,22,0,2.53,KZ,1683659574
255,santiago de cuba,20.0247,-75.8219,31.060000000000002,66,20,3.09,CU,1683659575
256,yoichi,43.2039,140.7703,7.230000000000018,85,4,3.37,JP,1683659575
257,ola,59.5833,151.2833,1.240000000000009,87,90,1.02,RU,1683659575
258,tazacorte,28.629,-17.9293,23.54000000000002,69,20,6.17,ES,1683659575
259,vadso,70.0744,29.7487,4.490000000000009,87,75,4.12,NO,1683659576
260,saint-francois,46.4154,3.9054,13.310000000000002,96,96,2.83,FR,1683659576
261,taltal,-25.4,-70.4833,19.900000000000034,68,24,2.56,CL,1683659420
262,margate,51.3813,1.3862,15.490000000000009,79,99,2.68,GB,1683659576
263,cadale,2.7603,46.3222,27.29000000000002,82,67,7.33,SO,1683659577
264,greenville,35.6127,-77.3663,30.090000000000032,51,40,2.06,US,1683659577
265,pisco,-13.7,-76.2167,24.03000000000003,64,0,6.17,PE,1683659577
266,korla,41.7597,86.1469,15.550000000000011,30,0,2.83,CN,1683659577
267,mazagao,-0.115,-51.2894,30.03000000000003,61,31,2.1,BR,1683659470
268,saltillo,25.4167,-101.0,29.05000000000001,25,3,3.25,MX,1683659517
269,archidona,37.0965,-4.3887,26.060000000000002,28,68,4.96,ES,1683659578
270,ndofane,13.9167,-15.9333,34.08000000000004,28,94,4.09,SN,1683659578
271,prata,-19.3072,-48.9242,28.120000000000005,42,86,1.33,BR,1683659579
272,constantia,44.1833,28.65,10.379999999999995,74,23,4.08,RO,1683659579
273,chanika,-5.4167,38.0167,18.420000000000016,98,51,1.28,TZ,1683659579
274,prado,-17.3411,-39.2208,25.670000000000016,73,40,3.92,BR,1683659579
275,alice springs,-23.7,133.8833,0.75,75,0,3.04,AU,1683659579
276,argostolion,38.1811,20.489,18.04000000000002,88,75,0.0,GR,1683659580
277,siwa oasis,29.2041,25.5195,25.77000000000004,26,5,6.01,EG,1683659580
278,qui nhon,13.7667,109.2333,25.30000000000001,90,99,2.43,VN,1683659580
279,steinbach,50.1667,8.5667,16.110000000000014,89,75,2.06,DE,1683659580
280,vorkuta,67.5,64.0,-7.729999999999961,99,100,1.13,RU,1683659581
281,chui,-33.6971,-53.4616,19.980000000000018,48,8,3.21,UY,1683659581
282,gereida,11.2811,25.1414,33.14000000000004,14,38,3.04,SD,1683659581
283,la'ie,21.6477,-157.9253,27.980000000000018,75,73,3.58,US,1683659582
284,farafangana,-22.8167,47.8333,21.970000000000027,89,7,0.09,MG,1683659582
285,aoulef,26.9667,1.0833,31.74000000000001,11,100,5.05,DZ,1683659582
286,bousso,10.4795,16.7117,35.59000000000003,29,100,4.41,TD,1683659582
287,acarau,-2.8856,-40.12,28.5,78,84,4.71,BR,1683659569
288,recani,31.2846,-4.2688,31.53000000000003,11,0,3.52,MA,1683659583
289,coalcoman de vazquez pallares,18.7833,-103.15,35.52000000000004,18,0,1.73,MX,1683659583
290,tomarza,38.4472,35.7992,11.800000000000011,58,87,0.39,TR,1683659583
291,tofol,5.3248,163.0078,28.210000000000036,79,100,4.46,FM,1683659584
292,belogorsk,50.9158,128.4611,2.5600000000000023,91,23,2.86,RU,1683659584
293,severo-yeniseyskiy,60.3725,93.0408,-4.289999999999964,87,30,3.1,RU,1683659584
294,vilyuysk,63.7553,121.6247,4.970000000000027,94,100,5.58,RU,1683659585
295,tuburan,6.6439,122.2736,28.100000000000023,78,11,2.81,PH,1683659585
296,ouarzazat,30.9189,-6.8934,32.160000000000025,10,20,8.23,MA,1683659585
297,island harbour,50.724,-1.2758,14.400000000000034,91,7,2.24,GB,1683659585
298,kodiak,57.79,-152.4072,5.730000000000018,93,100,5.66,US,1683659585
299,aljezur,37.3191,-8.8033,18.879999999999995,77,16,7.97,PT,1683659586
300,valdivia,-39.8142,-73.2459,16.05000000000001,57,24,1.1,CL,1683659586
301,den burg,53.0542,4.7972,12.78000000000003,99,100,4.12,NL,1683659586
302,happy valley-goose bay,53.3168,-60.3315,3.740000000000009,52,100,7.86,CA,1683659586
303,nova sintra,14.8667,-24.7167,20.79000000000002,80,2,6.34,CV,1683659586
304,kafir qala,34.6667,61.0667,25.460000000000036,14,47,2.79,AF,1683659587
305,sarina,-21.4333,149.2167,14.78000000000003,79,3,3.15,AU,1683659587
306,sampit,-2.5333,112.95,23.470000000000027,99,100,0.59,ID,1683659587
307,at-bashi,41.1702,75.8106,7.720000000000027,48,2,2.05,KG,1683659587
308,mariehamn,60.0973,19.9348,6.920000000000016,76,0,5.14,AX,1683659588
309,sierra grande,-41.606,-65.3557,18.83000000000004,34,1,6.71,AR,1683659300
310,piacabucu,-10.4056,-36.4344,27.5,70,1,3.91,BR,1683659588
311,lenti,46.624,16.5386,14.689999999999998,73,76,1.17,HU,1683659588
312,escanaba,45.7453,-87.0646,23.060000000000002,39,0,5.14,US,1683659589
313,tangalle,6.024,80.7911,26.090000000000032,91,100,3.22,LK,1683659589
314,hilo,19.7297,-155.09,24.410000000000025,88,100,2.57,US,1683659323
315,champerico,14.3,-91.9167,36.30000000000001,62,10,5.84,GT,1683659589
316,flekkefjord,58.2971,6.6607,11.080000000000041,95,100,3.59,NO,1683659590
317,wynyard,-41.0,145.7167,10.54000000000002,78,16,4.12,AU,1683659590
318,salym,60.0625,71.4789,1.1000000000000227,59,27,2.72,RU,1683659590
319,mahina,-17.5065,-149.489,28.870000000000005,74,20,2.06,PF,1683659590
320,dryden,49.7833,-92.7503,18.160000000000025,52,20,2.57,CA,1683659591
321,ancud,-41.8697,-73.8203,13.450000000000045,83,77,0.9,CL,1683659591
322,kulob,37.9145,69.783,19.420000000000016,45,0,6.0,TJ,1683659591
323,archangelos,36.2149,28.1149,17.99000000000001,73,100,0.54,GR,1683659591
324,iskateley,67.6803,53.1512,-0.75,87,100,4.77,RU,1683659591
325,kardla,58.9978,22.7492,8.920000000000016,69,77,3.03,EE,1683659592
326,meadow lakes,61.6247,-149.6011,10.689999999999998,50,0,3.09,US,1683659592
327,midvagur,62.0511,-7.1939,9.460000000000036,93,75,3.09,FO,1683659592
328,paranavai,-23.0731,-52.4653,25.480000000000018,74,100,2.25,BR,1683659592
329,karwar,14.8,74.1333,26.980000000000018,84,100,1.28,IN,1683659593
330,luang namtha,20.9497,101.4011,21.379999999999995,98,100,0.41,LA,1683659593
331,ciudad lazaro cardenas,17.9583,-102.2,31.700000000000045,53,0,5.18,MX,1683659503
332,bereznik,62.8551,42.7072,7.710000000000036,93,100,2.63,RU,1683659598
333,vila franca do campo,37.7167,-25.4333,19.230000000000018,86,100,1.9,PT,1683659599
334,yatou,37.15,122.3833,14.560000000000002,30,100,1.29,CN,1683659599
335,tazovsky,67.4667,78.7,-11.96999999999997,95,100,2.87,RU,1683659599
336,kabale,-1.2486,29.9899,15.5,97,100,1.75,UG,1683659600
337,camiri,-20.05,-63.5167,24.53000000000003,39,100,2.34,BO,1683659600
338,napili-honokowai,20.9708,-156.6705,26.640000000000043,81,12,6.91,US,1683659600
339,kinkala,-4.3614,14.7644,22.920000000000016,95,50,0.96,CG,1683659517
340,lata,40.1629,-8.3327,19.400000000000034,64,100,3.67,PT,1683659601
341,kenora,49.8167,-94.4337,17.560000000000002,51,32,2.74,CA,1683659352
342,kijang,35.2442,129.2139,14.79000000000002,64,100,2.45,KR,1683659601
343,bengkulu,-3.8004,102.2655,24.879999999999995,84,21,1.96,ID,1683659606
344,saudarkrokur,65.7461,-19.6394,4.53000000000003,98,100,1.31,IS,1683659606
345,kindu,-2.95,25.95,22.680000000000007,94,100,0.32,CD,1683659607
346,murghob,38.1702,73.9667,-4.8700000000000045,57,43,2.54,TJ,1683659607
347,fortaleza,-3.7227,-38.5247,30.07000000000005,66,0,5.66,BR,1683659607
348,stjordalshalsen,63.4681,10.9262,13.0,50,0,4.63,NO,1683659607
349,bordj ghdir,35.9011,4.8981,16.55000000000001,42,100,2.85,DZ,1683659608
350,tamanrasset,22.785,5.5228,28.950000000000045,7,0,5.66,DZ,1683659608
351,la ronge,55.1001,-105.2842,17.120000000000005,44,100,5.66,CA,1683659608
352,andilamena,-17.0167,48.5833,17.439999999999998,87,98,3.99,MG,1683659608
353,port shepstone,-30.7414,30.455,18.939999999999998,82,4,2.0,ZA,1683659614
354,labuan,5.2767,115.2417,27.650000000000034,79,100,3.08,MY,1683659614
355,behshahr,36.6923,53.5526,17.970000000000027,73,100,2.41,IR,1683659614
356,luau,-10.7073,22.2247,18.360000000000014,49,98,1.61,AO,1683659614
357,trenggalek,-8.05,111.7167,24.810000000000002,97,99,1.51,ID,1683659615
358,poronaysk,49.2167,143.1167,0.27000000000003865,86,100,1.39,RU,1683659615
359,laishevo,55.4046,49.5504,5.1200000000000045,61,60,2.19,RU,1683659615
360,semporna,4.4818,118.6112,26.52000000000004,88,95,3.5,MY,1683659615
361,kattivakkam,13.2167,80.3167,31.05000000000001,86,99,3.54,IN,1683659615
362,maych'ew,12.7875,39.5422,14.480000000000018,89,55,1.01,ET,1683659616
363,linxia chengguanzhen,35.6003,103.2064,6.010000000000048,83,100,3.35,CN,1683659616
364,sao vicente,-23.9631,-46.3919,27.100000000000023,26,100,0.89,BR,1683659616
365,nabire,-3.3667,135.4833,24.590000000000032,96,100,1.16,ID,1683659616
366,labasa,-16.4167,179.3833,24.590000000000032,87,4,1.24,FJ,1683659617
367,enewetak,11.3474,162.3373,27.340000000000032,81,100,7.88,MH,1683659617
368,kavaratti,10.5669,72.642,29.379999999999995,56,100,2.25,IN,1683659617
369,detroit lakes,46.8172,-95.8453,21.03000000000003,53,40,3.6,US,1683659606
370,luanda,-8.8368,13.2343,28.0,83,0,4.12,AO,1683659617
371,hohhot,40.8106,111.6522,12.090000000000032,74,26,0.3,CN,1683659606
372,quang ngai,15.1167,108.8,25.03000000000003,91,100,1.07,VN,1683659618
373,kyzyl-suu,42.3414,78.0056,7.830000000000041,46,0,3.32,KG,1683659618
374,puerto lempira,15.2667,-83.7667,33.08000000000004,62,40,3.09,HN,1683659618
375,alesund,62.4723,6.1549,14.510000000000048,82,75,3.09,NO,1683659619
376,tinajo,29.0788,-13.7081,22.49000000000001,68,0,10.29,ES,1683659620
377,bratca,46.9333,22.6167,6.439999999999998,89,9,2.5,RO,1683659620
378,north bend,43.4065,-124.2243,19.02000000000004,71,0,5.66,US,1683659621
379,tekirova,36.5017,30.5272,18.879999999999995,77,100,2.01,TR,1683659621
380,coahuayana de hidalgo,18.7,-103.6583,34.629999999999995,42,0,3.76,MX,1683659621
381,sinop,41.7711,34.8709,8.520000000000039,97,100,0.15,TR,1683659621
382,chabahar,25.2919,60.643,29.430000000000007,61,1,2.74,IR,1683659622
383,chibougamau,49.9168,-74.3659,10.75,24,1,3.56,CA,1683659373
384,nema,57.5067,50.5011,4.660000000000025,69,72,2.29,RU,1683659622
385,mesquite,32.7668,-96.5992,30.450000000000045,67,75,4.12,US,1683659499
386,malpica,43.3228,-8.8105,16.32000000000005,68,4,4.04,ES,1683659622
387,karachi,24.9056,67.0822,26.900000000000034,78,0,2.57,PK,1683659623
388,orai,25.9833,79.4667,31.610000000000014,12,0,2.58,IN,1683659623
389,port blair,11.6667,92.75,28.720000000000027,79,100,6.43,IN,1683659623
390,east london,-33.0153,27.9116,17.980000000000018,76,1,2.82,ZA,1683659623
391,selkirk,50.1436,-96.8845,20.610000000000014,55,57,0.45,CA,1683659624
392,klyuchi,52.2667,79.1667,11.82000000000005,51,100,5.28,RU,1683659624
393,nitra,48.3076,18.0845,14.080000000000041,78,2,3.88,SK,1683659624
394,hyesan,41.4017,128.1778,3.1899999999999977,56,0,0.77,KP,1683659624
395,praia da vitoria,38.7333,-27.0667,18.200000000000045,99,100,4.07,PT,1683659625
396,kirsanov,52.6549,42.7224,6.350000000000023,64,100,3.19,RU,1683659625
397,kuta,-8.7233,115.1723,26.970000000000027,94,75,6.26,ID,1683659625
398,karratha,-20.7377,116.8463,22.950000000000045,55,100,4.43,AU,1683659625
399,santa flavia,38.085,13.5351,18.54000000000002,77,83,0.89,IT,1683659626
400,mankera,31.3866,71.4407,29.83000000000004,21,0,3.77,PK,1683659626
401,bryne,58.7354,5.6477,12.100000000000023,89,75,4.12,NO,1683659626
402,el calafate,-50.3408,-72.2768,5.060000000000002,86,84,0.84,AR,1683659626
403,miedzyzdroje,53.9292,14.451,15.120000000000005,60,0,8.06,PL,1683659627
404,hobyo,5.3505,48.5268,27.950000000000045,82,99,10.09,SO,1683659627
405,fisterra,42.9049,-9.2629,17.230000000000018,74,22,6.87,ES,1683659627
406,okakarara,-20.5833,17.4333,19.99000000000001,26,0,1.67,NA,1683659627
407,telavi,41.9198,45.4731,11.28000000000003,88,72,1.14,GE,1683659628
408,antonio enes,-16.2325,39.9086,23.430000000000007,78,0,3.07,MZ,1683659628
409,nola,40.922,14.5329,18.29000000000002,84,85,0.68,IT,1683659628
410,drummondville,45.8834,-72.4824,15.580000000000041,32,6,2.68,CA,1683659584
411,port douglas,-16.4833,145.4667,19.370000000000005,65,8,4.15,AU,1683659629
412,tsiombe,-25.3,45.4833,22.49000000000001,89,100,4.97,MG,1683659629
413,walvis bay,-22.9575,14.5053,18.710000000000036,58,0,3.63,NA,1683659629
414,yanzhou,35.5528,116.8286,15.370000000000005,46,97,0.52,CN,1683659629
415,salekhard,66.53,66.6019,-5.979999999999961,89,72,3.35,RU,1683659629
416,saynshand,44.8824,110.1163,13.960000000000036,65,100,5.94,MN,1683659630
417,mil'kovo,55.6078,37.7956,10.75,54,34,2.15,RU,1683659630
418,madalena,41.2162,-8.3345,19.310000000000002,70,69,4.28,PT,1683659630
419,saint-philippe,-21.3585,55.7679,23.77000000000004,82,34,4.3,RE,1683659630
420,sitka,57.0531,-135.33,8.939999999999998,66,20,2.06,US,1683659631
421,mugia,43.1041,-9.2179,17.310000000000002,73,20,5.78,ES,1683659631
422,kabin buri,13.9511,101.7177,26.640000000000043,84,73,0.58,TH,1683659631
423,hammerfest,70.6634,23.6821,6.25,81,75,1.54,NO,1683659631
424,portland,45.5234,-122.6762,16.629999999999995,68,40,1.54,US,1683659255
425,san patricio,28.017,-97.5169,26.200000000000045,75,100,4.37,US,1683659632
426,coquimbo,-29.9533,-71.3436,15.850000000000023,77,20,3.09,CL,1683659432
427,waynesboro,38.0685,-78.8895,21.189999999999998,88,100,5.14,US,1683659493
428,bontang,0.1333,117.5,25.55000000000001,90,100,1.82,ID,1683659632
429,amasra,41.7463,32.3863,10.710000000000036,92,100,0.73,TR,1683659632
430,santa ana,33.7456,-117.8678,20.510000000000048,63,75,1.54,US,1683659285
431,paita,-5.0892,-81.1144,27.480000000000018,69,7,5.72,PE,1683659633
432,kristinehamn,59.3098,14.1081,15.310000000000002,49,83,4.2,SE,1683659633
433,bandipura,34.4167,74.65,7.4500000000000455,60,0,4.31,IN,1683659633
434,point pedro,9.8167,80.2333,27.510000000000048,85,95,5.75,LK,1683659633
435,carbonear,47.7332,-53.2148,5.770000000000039,90,100,8.52,CA,1683659634
436,alaghsas,17.0187,8.0168,34.94,17,0,2.57,NE,1683659634
437,karymskoye,51.6167,114.35,9.28000000000003,35,6,1.1,RU,1683659634
438,sambava,-14.2667,50.1667,23.850000000000023,84,7,5.7,MG,1683659634
439,blenheim,-41.516,173.9528,12.32000000000005,94,98,1.44,NZ,1683659454
440,predeal,45.5,25.5667,4.160000000000025,77,100,1.53,RO,1683659635
441,posto fiscal rolim de moura,-13.0833,-62.2667,27.760000000000048,77,100,1.47,BR,1683659635
442,vroomshoop,52.4608,6.5653,15.07000000000005,100,100,1.34,NL,1683659635
443,lerwick,60.1545,-1.1494,9.0,95,100,1.84,GB,1683659635
444,ruidoso,33.3317,-105.673,27.810000000000002,9,0,5.66,US,1683659520
445,altay,47.8667,88.1167,8.870000000000005,56,10,2.95,CN,1683659636
446,mount pearl,47.5166,-52.7813,5.060000000000002,89,100,10.8,CA,1683659400
447,saint-pierre,-21.3393,55.4781,23.82000000000005,73,8,2.57,RE,1683659580
448,bandarbeyla,9.4942,50.8122,28.03000000000003,79,100,3.06,SO,1683659636
449,shawinigan,46.5668,-72.7491,15.680000000000007,19,5,2.57,CA,1683659637
450,roma,43.2128,-75.4557,18.310000000000002,32,0,5.66,US,1683659637
451,kiunga,-6.1219,141.2906,23.54000000000002,100,98,0.08,PG,1683659637
452,labuan bajo,-8.4964,119.8877,25.390000000000043,90,99,2.36,ID,1683659364
453,kazincbarcika,48.25,20.6333,7.53000000000003,84,7,1.0,HU,1683659637
454,chingirlau,51.095,54.0814,8.830000000000041,95,100,7.09,KZ,1683659638
455,nuevo ideal,24.8875,-105.0728,26.730000000000018,9,93,7.83,MX,1683659638
456,swakopmund,-22.6833,14.5333,16.920000000000016,73,0,2.08,NA,1683659638
457,dakhla,23.6848,-15.958,22.010000000000048,73,0,10.29,EH,1683659638
458,campos belos,-13.0367,-46.7717,31.78000000000003,32,82,1.21,BR,1683659490
459,tenenkou,14.4572,-4.9169,38.24000000000001,15,100,4.58,ML,1683659639
460,gadzhiyevo,69.2551,33.3362,0.7300000000000182,99,100,1.91,RU,1683659639
461,pitimbu,-7.4706,-34.8086,29.33000000000004,74,100,4.91,BR,1683659586
462,tannum sands,-23.9504,151.3693,6.939999999999998,65,0,3.6,AU,1683659552
463,timimoun,29.2639,0.231,31.210000000000036,11,0,2.06,DZ,1683659640
464,altai,46.3722,96.2583,-0.38999999999998636,74,61,2.91,MN,1683659640
465,polyarnyy,69.1989,33.4478,0.910000000000025,99,100,2.0,RU,1683659640
466,oltinko'l,40.8011,72.1634,19.54000000000002,34,0,3.71,UZ,1683659640
467,tromso,69.6496,18.957,9.650000000000034,66,75,3.6,NO,1683659641
468,bedesa,8.9,40.7833,17.670000000000016,82,70,0.91,ET,1683659641
469,butha-buthe,-28.8333,28.5,5.160000000000025,78,27,0.48,LS,1683659642
470,vera,-29.4593,-60.2126,24.79000000000002,33,0,2.0,AR,1683659642
471,flying fish cove,-10.4217,105.6791,26.82000000000005,89,75,5.66,CX,1683659643
472,boyalik,41.2634,28.6314,12.650000000000034,86,100,6.71,TR,1683659643
473,taulaga,-11.0553,-171.0883,28.629999999999995,75,36,6.52,AS,1683659643
474,zaozersk,69.4005,32.4476,0.6400000000000432,99,100,1.37,RU,1683659644
475,conduaga,8.862,117.4893,26.360000000000014,83,87,0.27,PH,1683659644
476,bazarnyye mataki,54.8833,49.9333,5.600000000000023,58,100,3.03,RU,1683659644
477,ma'an,26.9775,110.7211,18.02000000000004,94,100,1.58,CN,1683659644
478,kamennogorsk,60.9545,29.1339,8.490000000000009,65,28,2.4,RU,1683659645
479,tilisarao,-32.7329,-65.2911,21.110000000000014,36,80,4.82,AR,1683659645
480,hotan,37.0997,79.9269,14.360000000000014,14,6,2.08,CN,1683659645
481,cabedelo,-6.9811,-34.8339,29.370000000000005,75,94,5.21,BR,1683659598
482,cole harbour,44.6724,-63.4751,11.660000000000025,42,75,7.2,CA,1683659646
483,cienfuegos,22.1461,-80.4356,31.08000000000004,62,20,4.63,CU,1683659646
484,sooke,48.3746,-123.7276,15.939999999999998,67,23,11.32,CA,1683659646
485,frontino,6.7801,-76.1288,24.680000000000007,75,100,1.34,CO,1683659646
486,amealco,20.1833,-100.15,24.04000000000002,19,56,4.82,MX,1683659647
487,cromer,52.9312,1.2989,13.0,97,100,1.73,GB,1683659647
488,stranraer,54.9023,-5.0273,11.270000000000039,87,56,4.46,GB,1683659647
489,meulaboh,4.1363,96.1285,24.660000000000025,86,100,1.46,ID,1683659648
490,calingasta,-31.3308,-69.4078,26.230000000000018,8,93,0.8,AR,1683659648
491,merlo,-32.3429,-65.014,20.420000000000016,40,21,3.99,AR,1683659648
492,rikaze,29.25,88.8833,6.0,39,0,2.3,CN,1683659648
493,angaur state,6.906,134.13,28.350000000000023,73,44,0.83,PW,1683659649
494,christchurch,-43.5333,172.6333,12.170000000000016,91,100,2.57,NZ,1683659649
495,fort st. john,56.2499,-120.8529,17.600000000000023,38,20,1.56,CA,1683659426
496,port saint john's,-31.6229,29.5448,18.83000000000004,88,10,3.31,ZA,1683659649
497,arkalyk,50.2486,66.9114,13.550000000000011,54,100,7.12,KZ,1683659650
498,arraias,-12.9288,-46.9437,31.370000000000005,31,96,1.15,BR,1683659650
499,corfu,39.62,19.9197,18.879999999999995,88,75,2.06,GR,1683659650
500,volodarskiy,46.4013,48.5409,12.970000000000027,61,26,5.38,RU,1683659650
501,robore,-18.3333,-59.75,24.930000000000007,68,87,1.27,BO,1683659650
502,berezovyy,51.6667,135.7,0.5100000000000477,77,77,1.89,RU,1683659651
503,taipei,25.0478,121.5319,22.230000000000018,69,49,3.13,TW,1683659293
504,scone,56.4194,-3.4051,15.5,68,99,1.79,GB,1683659651
505,tukrah,32.5341,20.5791,25.810000000000002,30,100,8.11,LY,1683659651
506,ostersund,63.1792,14.6357,9.78000000000003,37,40,5.36,SE,1683659652
507,sakaiminato,35.55,133.2333,13.230000000000018,52,10,2.82,JP,1683659652
508,san jose de jachal,-30.2406,-68.7469,23.189999999999998,23,8,2.4,AR,1683659652
509,homer,59.6425,-151.5483,9.939999999999998,53,75,7.72,US,1683659653
510,kolpashevo,58.3131,82.9089,0.4800000000000182,54,0,2.36,RU,1683659653
511,phalaborwa,-23.943,31.1411,20.090000000000032,60,12,2.44,ZA,1683659654
512,baiyin,36.5583,104.2081,8.670000000000016,61,100,1.5,CN,1683659654
513,big bend,-26.8167,31.9333,18.05000000000001,88,100,0.62,SZ,1683659362
514,toliara,-23.35,43.6667,24.310000000000002,77,100,1.24,MG,1683659655
515,serhiyivka,46.0272,30.3768,9.980000000000018,70,34,1.36,UA,1683659655
516,horasan,40.0458,42.1728,9.75,73,13,0.94,TR,1683659656
517,maebaru-chuo,33.55,130.2,9.82000000000005,35,89,1.63,JP,1683659462
518,chiredzi,-21.05,31.6667,18.58000000000004,80,3,2.35,ZW,1683659656
519,eyl,7.9803,49.8164,27.83000000000004,80,69,10.28,SO,1683659657
520,omsk,55.0,73.4,4.939999999999998,38,0,4.02,RU,1683659657
521,yelm,46.942,-122.606,17.25,54,20,0.45,US,1683659484
522,parkes,-33.1333,148.1833,5.840000000000032,88,0,1.9,AU,1683659658
523,vielsalm,50.2841,5.915,11.470000000000027,99,100,2.68,BE,1683659658
524,badiyah,22.45,58.8,31.310000000000002,26,0,3.21,OM,1683659659
525,ambodifotatra,-16.9833,49.85,26.129999999999995,75,19,7.2,MG,1683659659
526,ruy barbosa,-12.2839,-40.4939,30.04000000000002,47,87,1.55,BR,1683659634
527,argo,37.6333,22.7333,17.100000000000023,81,100,1.69,GR,1683659660
528,usinsk,65.9939,57.5281,-0.46999999999997044,98,100,5.6,RU,1683659660
529,yeed,4.55,43.0333,27.79000000000002,63,96,7.04,SO,1683659661
530,benjamin constant,-4.3831,-70.0311,25.07000000000005,94,100,1.03,BR,1683659661
531,ocean city,39.2776,-74.5746,16.77000000000004,57,100,2.24,US,1683659661
532,alpine,32.835,-116.7664,19.760000000000048,55,20,4.12,US,1683659662
533,quatre cocos,-20.2078,57.7625,24.060000000000002,77,28,5.32,MU,1683659662
534,itapetinga,-15.2489,-40.2478,29.400000000000034,53,30,5.33,BR,1683659662
535,quellon,-43.1167,-73.6167,12.140000000000043,100,100,1.03,CL,1683659663
536,calatayud,41.3535,-1.6432,16.03000000000003,66,28,3.61,ES,1683659663
537,nouadhibou,20.931,-17.0347,17.99000000000001,94,75,7.2,MR,1683659665
538,olinda,-8.0089,-34.8553,28.850000000000023,70,40,5.14,BR,1683659665
539,luderitz,-26.6481,15.1594,16.810000000000002,60,0,1.15,NA,1683659667
540,ghanzi,-21.5667,21.7833,19.560000000000002,36,0,3.45,BW,1683659667
541,kapuskasing,49.4169,-82.4331,18.05000000000001,34,100,3.6,CA,1683659658
542,cockburn town,21.4612,-71.1419,26.850000000000023,79,0,6.19,TC,1683659669
543,veraval,20.9,70.3667,28.510000000000048,71,63,4.78,IN,1683659670
544,tual,-5.6667,132.75,26.970000000000027,85,100,6.21,ID,1683659671
545,tralee,52.2704,-9.7026,11.370000000000005,92,99,6.14,IE,1683659671
546,ta`u,-14.2336,-169.5144,27.53000000000003,78,100,7.0,AS,1683659671
547,sydney,-33.8679,151.2073,11.330000000000041,74,20,3.6,AU,1683659429
548,yeniseysk,58.4497,92.1703,2.0600000000000023,71,9,2.9,RU,1683659672
549,kilindoni,-7.9139,39.6668,27.189999999999998,75,3,6.72,TZ,1683659672
550,yeosu,34.7546,127.6599,13.640000000000043,59,100,2.21,KR,1683659673
551,pangody,65.85,74.4859,-0.23999999999995225,98,100,3.8,RU,1683659674
552,colby,39.3958,-101.0524,23.03000000000003,56,100,9.26,US,1683659674
553,qarazhal,48.0078,70.7903,17.340000000000032,30,73,3.78,KZ,1683659675
554,lauro de freitas,-12.8944,-38.3272,27.010000000000048,83,75,2.57,BR,1683659408
555,isola di capo rizzuto,38.96,17.0933,15.660000000000025,87,100,1.34,IT,1683659675
556,oliveira dos brejinhos,-12.3169,-42.8961,30.80000000000001,36,92,1.59,BR,1683659675
557,weno,7.4515,151.8468,25.970000000000027,100,100,3.09,FM,1683659676
558,lobujya,27.95,86.8167,-13.699999999999989,77,32,1.02,NP,1683659676
559,lubang,13.8584,120.124,28.82000000000005,74,95,1.7,PH,1683659676
560,valparaiso,-33.0393,-71.6273,29.129999999999995,19,0,3.6,CL,1683659536
561,azul,-36.777,-59.8585,15.590000000000032,52,100,2.23,AR,1683659677
562,aldinga beach,-35.2793,138.4604,13.020000000000039,82,10,2.13,AU,1683659677
563,sunland park,31.7965,-106.58,32.25,7,0,5.66,US,1683659633
564,petrolina,-9.3986,-40.5008,33.03000000000003,40,40,2.57,BR,1683659677
565,talara,-4.5772,-81.2719,32.420000000000016,58,0,6.17,PE,1683659678
566,al qitena,14.8648,32.3668,32.54000000000002,8,66,4.35,SD,1683659678
567,waingapu,-9.6567,120.2641,25.30000000000001,85,99,5.55,ID,1683659678
568,fabens,31.5023,-106.1586,32.620000000000005,6,0,4.01,US,1683659575
569,yugo-kamskiy,57.7053,55.5894,1.0100000000000477,60,0,1.23,RU,1683659678
570,tarakan,3.3,117.6333,27.03000000000003,79,100,0.32,ID,1683659679
571,omdurman,15.6445,32.4777,32.97000000000003,6,3,4.73,SD,1683659679
572,albertina,-22.2008,-46.6158,22.850000000000023,68,100,1.26,BR,1683659679
573,manta,-0.95,-80.7333,28.879999999999995,74,40,4.12,EC,1683659679
574,callao,-12.0667,-77.15,22.620000000000005,78,100,4.12,PE,1683659679
575,kiffa,16.6166,-11.4045,37.03000000000003,20,84,3.51,MR,1683659680
576,as sulayyil,20.4607,45.5779,31.140000000000043,12,4,5.54,SA,1683659680
577,magadan,59.5667,150.8,1.490000000000009,89,99,0.43,RU,1683659680
578,singkil,-7.9855,111.4161,24.5,95,100,1.74,ID,1683659680
579,shenkursk,62.1091,42.896,8.060000000000002,79,100,2.08,RU,1683659681
580,abu jibeha,11.4562,31.2285,33.25,10,100,3.01,SD,1683659681
